volatile acidity,citric acid,chlorides,total sulfur dioxide,density,sulphates,alcohol
0.41,0.31,0.079,51.0,0.99668,0.55,9.5
0.44,0.0,0.042,11.0,0.9944,0.85,11.7
0.32,0.25,0.086,32.0,0.99464,0.44,10.1
0.59,0.49,0.07,47.0,0.9991,0.56,9.6
0.34,0.37,0.082,58.0,0.9964,0.59,9.4
0.26,0.48,0.066,10.0,0.99724,0.87,10.9
0.42,0.19,0.075,47.0,0.99522,0.78,10.0
0.59,0.02,0.082,94.0,0.99744,0.53,9.7
0.825,0.24,0.084,13.0,0.9972,0.77,10.7
0.52,0.08,0.071,32.0,0.99646,0.63,11.6
0.58,0.08,0.097,65.0,0.9959,0.54,9.2
0.64,0.1,0.085,101.0,0.9956,0.52,10.2
0.29,0.4,0.067,20.0,0.99603,0.6,10.5
0.46,0.31,0.093,98.0,0.99815,0.63,9.5
0.36,0.64,0.122,41.0,0.998,0.66,12.5
0.66,0.33,0.068,102.0,0.99414,0.78,12.8
0.61,0.26,0.09,87.0,0.99975,0.62,9.7
0.6,0.5,0.079,71.0,0.9997,0.57,9.7
0.88,0.25,0.104,155.0,1.001,0.67,11.2
0.63,0.0,0.093,77.5,0.99558,0.45,9.5
0.36,0.52,0.111,10.0,0.99568,0.62,11.3
0.34,0.4,0.065,48.0,0.99554,0.86,11.0
0.34,0.0,0.05,63.0,0.9916,0.79,14.0
0.54,0.26,0.097,31.0,0.9976,0.6,9.3
0.615,0.66,0.083,42.0,1.0022,0.73,10.0
0.41,0.52,0.08,55.0,1.0001,0.88,11.0
1.04,0.08,0.067,32.0,0.99648,0.57,11.0
0.43,0.49,0.086,116.0,0.9976,0.64,9.5
0.66,0.07,0.07,61.0,0.99572,0.6,9.3
0.6,0.03,0.095,99.0,0.995,0.54,10.1
0.705,0.1,0.081,28.0,0.99631,0.66,10.2
0.57,0.05,0.081,36.0,0.99564,0.6,10.3
0.81,0.25,0.076,85.0,0.99668,0.42,9.2
0.35,0.55,0.062,14.0,0.9971,0.79,10.6
0.62,0.33,0.088,37.0,0.9972,0.58,10.7
0.43,0.36,0.075,48.0,0.9976,0.46,9.4
0.46,0.24,0.077,34.0,0.9948,0.6,10.6
0.42,0.08,0.084,48.0,0.9968,0.59,10.0
0.805,0.0,0.068,20.0,0.9969,0.56,9.6
0.63,0.28,0.096,69.0,0.99734,0.63,10.2
0.49,0.26,0.09,74.0,0.9953,0.62,12.2
0.6,0.29,0.098,15.0,0.9988,0.49,9.1
0.63,0.07,0.09,37.0,0.9979,0.76,9.7
0.35,0.41,0.083,61.0,0.9982,0.5,9.5
0.57,0.02,0.077,35.0,0.99557,0.62,10.8
0.54,0.27,0.084,78.0,0.9964,0.71,11.0
0.725,0.09,0.117,17.0,0.99655,0.49,10.8
0.73,0.21,0.074,13.0,0.9968,0.52,9.5
0.9,0.0,0.052,17.0,0.99467,0.63,10.9
0.625,0.16,0.101,49.0,0.9962,0.57,11.0
0.34,0.42,0.058,18.0,0.99392,0.55,11.4
0.645,0.49,0.095,23.0,1.00315,0.74,11.1
0.27,0.41,0.091,16.0,0.998,0.7,9.7
0.43,0.29,0.075,66.0,0.99718,0.64,9.5
0.38,0.48,0.132,11.0,0.99577,0.57,13.2
0.56,0.19,0.104,47.0,0.9964,0.93,9.5
0.82,0.0,0.095,14.0,0.99854,0.53,9.6
0.635,0.1,0.073,60.0,0.99638,0.75,10.9
0.38,0.21,0.08,35.0,0.9961,0.47,9.5
0.63,0.21,0.097,65.0,0.9988,0.58,9.6
0.48,0.29,0.127,16.0,0.9968,0.72,11.2
0.65,0.02,0.066,25.0,0.9972,0.67,9.5
0.25,0.49,0.088,33.0,0.9982,0.9,10.0
0.32,0.23,0.066,70.0,0.99588,0.62,10.1
0.38,0.48,0.073,84.0,0.9972,0.7,9.6
0.43,0.29,0.081,45.0,0.99603,0.54,10.3
0.67,0.39,0.054,17.0,0.9976,0.47,10.0
1.09,0.06,0.061,31.0,0.9948,0.43,11.4
0.78,0.22,0.077,32.0,0.9988,0.56,10.6
0.75,0.27,0.11,89.0,0.99664,0.45,9.3
0.4,0.18,0.079,58.0,0.9965,0.58,9.4
0.36,0.39,0.06,55.0,0.99495,0.82,11.0
0.52,0.07,0.074,20.0,0.9973,0.81,9.6
0.5,0.55,0.072,24.0,1.00012,0.68,10.9
0.48,0.24,0.094,106.0,0.9982,0.53,9.2
0.38,0.31,0.056,29.0,0.99472,0.76,11.3
0.54,0.26,0.111,60.0,0.99709,0.98,10.2
0.4,0.16,0.069,25.0,0.9955,0.74,10.1
0.56,0.09,0.053,32.0,0.99402,0.6,11.3
0.53,0.66,0.121,14.0,0.9978,0.74,11.5
0.72,0.17,0.096,38.0,0.9978,0.53,9.5
0.58,0.28,0.085,69.0,0.99633,0.7,11.0
0.61,0.3,0.084,50.0,0.9972,0.61,10.2
0.43,0.17,0.082,51.0,0.99634,0.64,10.4
0.64,0.0,0.123,33.0,0.99538,0.63,11.3
0.65,0.18,0.07,40.0,0.997,0.6,9.1
0.5,0.39,0.082,46.0,0.9985,0.62,10.7
0.47,0.08,0.064,38.0,0.99553,0.65,9.6
0.98,0.01,0.057,33.0,0.99488,0.46,11.2
1.005,0.15,0.102,32.0,0.99604,0.48,10.0
0.66,0.39,0.083,59.0,0.9989,0.71,11.5
0.38,0.57,0.106,12.0,0.99605,0.55,11.4
0.845,0.01,0.07,14.0,0.9967,0.58,11.0
0.415,0.68,0.085,43.0,1.0014,0.8,10.0
0.46,0.5,0.122,17.0,1.0006,0.7,10.2
0.82,0.29,0.083,64.0,0.99642,0.53,9.4
0.51,0.18,0.07,28.0,0.99768,0.73,9.5
0.29,0.33,0.063,27.0,0.99516,0.84,11.7
0.33,0.59,0.079,30.0,0.9976,0.54,12.0
0.35,0.53,0.07,16.0,0.9972,0.65,11.0
0.43,0.34,0.08,86.0,0.9987,0.62,9.5
0.615,0.66,0.083,42.0,1.0022,0.73,10.0
0.59,0.1,0.063,53.0,0.9958,0.67,9.7
0.29,0.36,0.048,53.0,0.995,1.01,12.4
0.685,0.26,0.082,143.0,0.9978,0.55,9.4
0.875,0.05,0.082,14.0,0.99808,0.52,10.2
0.57,0.31,0.079,79.0,0.99677,0.69,9.5
0.45,0.31,0.086,50.0,0.9982,0.91,9.9
0.795,0.0,0.096,26.0,0.9994,0.83,9.4
0.18,0.34,0.066,58.0,0.9947,0.78,11.8
0.45,0.43,0.076,21.0,0.99551,0.75,10.2
0.615,0.0,0.089,59.0,0.9943,0.52,9.9
0.63,0.12,0.099,126.0,0.9969,0.61,9.5
0.45,0.55,0.073,49.0,0.9997,0.76,10.3
0.61,0.19,0.094,69.0,0.99787,0.5,10.0
0.33,0.38,0.063,19.0,0.99468,0.73,12.0
0.47,0.0,0.067,14.0,0.99517,0.58,10.9
0.43,0.42,0.071,128.0,0.9973,0.71,10.5
0.4,0.51,0.059,24.0,0.9994,0.6,9.3
0.34,0.45,0.082,15.0,0.9988,0.66,9.2
0.44,0.15,0.076,53.0,0.9957,0.62,9.3
0.42,0.47,0.085,34.0,0.99736,0.77,12.1
0.6,0.13,0.085,24.0,0.9984,0.59,9.2
0.43,0.42,0.07,129.0,0.9973,0.72,10.5
0.57,0.14,0.07,73.0,0.99669,0.48,9.2
0.63,0.27,0.083,91.0,0.99616,0.58,9.8
0.6,0.17,0.072,73.0,0.9963,0.45,9.3
0.915,0.12,0.143,23.0,0.9964,0.65,10.2
0.38,0.6,0.081,72.0,0.9996,0.73,10.5
0.43,0.66,0.109,23.0,1.0,0.85,10.4
0.36,0.64,0.122,41.0,0.998,0.66,12.5
0.34,0.48,0.052,9.0,0.99458,0.69,12.1
0.63,0.02,0.078,30.0,0.99712,0.75,9.8
0.57,0.02,0.067,11.0,0.997,0.68,9.5
0.28,0.6,0.104,22.0,0.99828,0.68,10.6
0.59,0.26,0.08,104.0,0.99584,0.52,9.9
0.55,0.19,0.082,34.0,0.99655,0.68,10.5
0.56,0.23,0.078,104.0,0.9976,0.62,9.4
0.55,0.24,0.078,28.0,0.9983,0.78,9.5
0.54,0.13,0.076,36.0,0.9973,0.64,9.8
0.28,0.56,0.075,60.0,0.998,0.58,9.8
0.59,0.01,0.08,43.0,0.9955,0.58,10.7
0.29,0.75,0.084,43.0,0.9986,0.68,11.4
0.21,0.4,0.066,165.0,0.9912,0.59,11.9
0.66,0.0,0.075,40.0,0.9978,0.56,9.4
0.5,0.21,0.088,39.0,0.99692,0.83,11.1
0.49,0.58,0.094,43.0,1.0004,0.58,9.0
0.45,0.49,0.075,6.0,0.9969,0.63,10.4
0.52,0.15,0.054,65.0,0.9934,0.56,13.1
0.42,0.24,0.06,50.0,0.9917,0.74,14.0
0.87,0.0,0.096,61.0,1.00025,0.72,9.8
0.6,0.03,0.095,99.0,0.995,0.54,10.1
0.43,0.39,0.106,32.0,0.9986,0.5,9.6
0.53,0.13,0.058,22.0,0.99573,0.68,9.9
0.56,0.2,0.075,39.0,0.9987,0.62,9.3
0.3,0.39,0.062,9.0,0.9948,0.57,11.5
0.58,0.02,0.062,53.0,0.99374,0.76,11.6
0.685,0.23,0.111,84.0,0.9964,0.61,9.3
0.16,0.64,0.059,52.0,0.99494,0.71,11.2
0.43,0.44,0.085,22.0,0.99708,0.55,9.5
0.47,0.11,0.048,89.0,0.99182,0.88,13.6
0.45,0.35,0.08,78.0,0.9987,0.62,9.5
0.49,0.67,0.093,15.0,0.9986,0.93,12.0
0.3,0.56,0.08,17.0,0.9964,0.92,11.7
0.665,0.0,0.09,19.0,0.9974,0.73,9.3
0.56,0.22,0.074,24.0,0.99438,0.82,11.2
0.57,0.05,0.081,36.0,0.99564,0.6,10.3
0.74,0.0,0.041,46.0,0.99258,0.59,12.5
0.26,0.68,0.085,25.0,0.997,0.61,11.8
0.915,0.27,0.088,23.0,0.9962,0.47,10.0
0.59,0.44,0.071,68.0,0.9992,0.63,9.5
0.57,0.02,0.115,16.0,0.99654,0.69,9.5
0.47,0.27,0.055,28.0,0.99516,0.8,11.2
0.42,0.39,0.068,12.0,0.99516,0.69,11.7
0.53,0.14,0.064,29.0,0.99323,0.61,12.1
0.43,0.58,0.07,40.0,1.0004,0.49,9.0
0.32,0.44,0.063,37.0,0.9985,0.78,10.0
0.4,0.3,0.157,45.0,0.99727,0.91,9.5
0.8,0.12,0.083,28.0,0.99836,0.65,10.4
0.5,0.36,0.084,17.0,0.99704,0.77,10.8
0.49,0.36,0.081,14.0,0.99702,0.78,10.9
0.675,0.26,0.084,43.0,0.9976,0.53,9.2
0.24,0.47,0.066,24.0,0.9978,0.9,11.0
0.6,0.29,0.098,15.0,0.9988,0.49,9.1
0.23,0.57,0.074,8.0,0.9981,0.7,9.9
0.52,0.25,0.081,37.0,0.99685,0.5,11.0
0.28,0.6,0.104,22.0,0.99828,0.68,10.6
0.25,0.46,0.062,42.0,0.9959,0.83,10.6
0.49,0.49,0.083,15.0,1.0,0.43,9.2
0.43,0.3,0.079,34.0,0.99788,0.61,10.5
0.56,0.04,0.082,22.0,0.9976,0.44,9.6
0.5,0.25,0.07,22.0,0.9963,0.63,9.2
0.38,0.38,0.169,90.0,0.99914,0.65,8.5
0.67,0.06,0.08,33.0,0.99845,0.71,9.6
0.67,0.0,0.057,20.0,0.99488,0.56,11.8
0.46,0.11,0.079,49.0,0.9968,0.57,10.0
0.915,0.29,0.07,39.0,0.99577,0.54,11.1
0.46,0.31,0.078,58.0,0.998,0.54,9.8
0.23,0.42,0.069,17.0,0.99376,0.54,12.3
0.54,0.04,0.049,13.0,0.9942,0.58,11.4
0.31,0.53,0.06,10.0,0.99572,0.83,10.9
0.53,0.06,0.086,44.0,0.9965,0.59,10.7
0.58,0.0,0.096,13.0,0.99557,0.62,11.5
0.37,0.76,0.066,38.0,1.0004,0.6,13.0
0.4,0.41,0.084,17.0,0.9984,0.67,9.3
0.76,0.04,0.092,54.0,0.997,0.65,9.8
0.6,0.06,0.069,59.0,0.9964,0.46,9.4
0.57,0.5,0.082,32.0,1.0006,0.78,10.7
0.655,0.26,0.096,35.0,0.99738,0.42,9.6
0.3,0.34,0.064,25.0,0.99516,0.84,11.7
0.38,0.14,0.038,25.0,0.99514,0.65,11.1
0.645,0.0,0.097,39.0,0.99675,0.58,9.2
0.86,0.07,0.1,57.0,0.99598,0.74,11.7
0.685,0.0,0.105,37.0,0.9966,0.57,10.6
0.18,0.51,0.071,88.0,0.99524,0.76,11.8
0.62,0.01,0.065,46.0,0.99332,0.51,11.8
0.965,0.1,0.112,22.0,0.9963,0.5,9.5
1.185,0.0,0.097,14.0,0.9966,0.54,10.7
0.41,0.54,0.103,41.0,0.99939,0.76,11.3
0.37,0.43,0.063,19.0,0.9955,0.81,11.2
0.4,0.41,0.084,17.0,0.9984,0.67,9.3
0.49,0.0,0.068,33.0,0.99292,0.59,12.5
0.52,0.12,0.067,53.0,0.9971,0.57,9.1
0.645,0.0,0.082,16.0,0.9964,0.59,9.8
0.27,0.53,0.074,18.0,0.9962,1.13,12.0
0.54,0.24,0.076,112.0,0.9976,0.61,9.4
0.51,0.15,0.11,73.0,0.9955,0.63,10.2
0.55,0.04,0.119,56.0,0.9962,0.6,10.9
0.26,0.42,0.08,27.0,0.9974,0.8,9.4
0.52,0.16,0.085,35.0,0.9968,0.62,9.5
0.56,0.03,0.086,46.0,0.99522,0.57,10.6
0.63,0.0,0.097,38.0,0.99675,0.58,9.0
0.745,0.11,0.09,63.0,0.9965,0.82,9.6
0.38,0.38,0.068,42.0,0.99356,0.72,12.9
0.91,0.06,0.06,11.0,0.99592,0.64,10.9
0.625,0.2,0.08,119.0,0.9972,1.12,9.1
0.62,0.12,0.072,46.0,0.99504,0.89,11.8
0.46,0.14,0.114,37.0,0.99732,0.65,9.8
0.5,0.04,0.068,14.0,0.9955,0.64,9.4
0.41,0.33,0.078,23.0,0.9957,0.58,11.2
0.36,0.24,0.095,42.0,0.9946,0.57,11.7
0.63,0.5,0.071,26.0,0.99791,0.6,10.4
0.635,0.07,0.077,86.0,0.99748,0.54,9.7
0.4,0.29,0.078,66.0,0.9971,0.59,9.5
0.26,0.34,0.073,47.0,0.99594,0.78,11.3
0.31,0.49,0.063,40.0,0.9976,0.51,9.8
0.33,0.46,0.081,9.0,0.99628,0.48,10.4
0.47,0.47,0.074,29.0,0.9979,0.46,9.5
0.67,0.55,0.084,13.0,1.0,0.71,9.5
0.61,0.19,0.094,69.0,0.99787,0.5,10.0
0.475,0.4,0.091,28.0,0.99704,0.65,10.0333333333333
0.5,0.04,0.092,26.0,0.99647,0.47,10.0
0.38,0.4,0.068,28.0,0.99486,0.75,12.6
0.705,0.07,0.076,15.0,0.9962,0.58,10.7
0.36,0.46,0.074,44.0,0.99534,0.85,11.0
0.575,0.22,0.077,65.0,0.9967,0.51,9.2
0.66,0.0,0.086,45.0,0.9976,0.54,9.5
0.96,0.0,0.082,16.0,0.9936,0.44,11.9
0.49,0.49,0.06,121.0,0.9974,0.76,10.5
0.53,0.48,0.063,25.0,0.9998,0.59,9.3
0.65,0.1,0.089,40.0,0.99803,0.55,9.5
0.37,0.52,0.082,26.0,0.998,0.51,9.5
0.54,0.49,0.094,110.0,0.9982,0.61,9.2
0.31,0.4,0.109,16.0,0.99614,0.79,11.8
0.28,0.28,0.012,100.0,0.99064,0.39,11.7
0.42,0.35,0.088,39.0,0.9961,0.55,9.2
0.49,0.27,0.071,25.0,0.99388,0.63,12.0
0.62,0.04,0.146,90.0,0.9984,0.7,9.4
0.31,0.37,0.074,96.0,0.9954,0.58,9.2
0.3,0.41,0.068,24.0,0.99523,0.85,11.7
0.43,0.25,0.073,63.0,0.99615,0.58,10.5
0.4,0.5,0.046,80.0,0.9902,0.66,13.6
0.39,0.31,0.074,46.0,0.9962,0.54,9.4
0.39,0.49,0.07,149.0,0.9922,0.5,11.5
0.29,0.65,0.075,17.0,0.99565,0.63,11.8
0.27,0.39,0.1,27.0,0.99546,0.69,11.2
0.22,0.36,0.064,77.0,0.99604,0.87,11.0
0.51,0.19,0.081,30.0,0.9984,0.58,10.5
0.43,0.36,0.089,37.0,0.99615,0.56,9.2
0.43,0.42,0.07,129.0,0.9973,0.72,10.5
0.965,0.0,0.088,32.0,0.99756,0.67,10.2
0.52,0.26,0.079,140.0,0.9964,0.54,9.5
0.51,0.14,0.056,34.0,0.99396,0.57,11.5
0.69,0.08,0.097,89.0,0.9959,0.54,9.2
0.73,0.24,0.108,102.0,0.9967,0.59,9.3
0.585,0.0,0.044,86.0,0.99264,0.94,12.9
0.4,0.49,0.085,142.0,0.9978,0.55,9.4
0.39,0.48,0.082,67.0,0.9972,0.55,9.2
0.37,0.58,0.071,65.0,0.99935,0.78,10.1
0.34,0.5,0.066,21.0,1.0,1.18,9.2
0.67,0.39,0.054,17.0,0.9976,0.47,10.0
0.66,0.0,0.066,15.0,0.99256,0.58,12.9
0.575,0.61,0.076,24.0,1.0,0.69,9.0
0.62,0.09,0.084,108.0,0.9964,0.66,9.8
0.44,0.58,0.092,24.0,0.99745,0.99,12.0
0.46,0.31,0.126,64.0,0.99746,0.74,9.6
0.635,0.1,0.08,33.0,0.99736,0.69,10.8
0.48,0.53,0.101,10.0,0.99586,0.59,12.1
0.54,0.28,0.077,40.0,0.9978,0.61,10.0
0.37,0.55,0.083,68.0,0.9995,0.82,10.4
0.5,0.47,0.086,73.0,0.997,0.57,9.1
0.26,0.37,0.076,23.0,0.9974,0.7,9.6
0.44,0.42,0.071,20.0,0.99566,0.79,11.1
0.63,0.02,0.078,30.0,0.99712,0.75,9.8
0.65,0.01,0.078,38.0,0.9963,0.74,11.7
0.42,0.48,0.077,20.0,0.99852,0.53,11.0
0.79,0.21,0.087,68.0,0.9955,0.44,9.2
0.61,0.02,0.081,87.0,0.99745,0.6,9.7
0.84,0.03,0.059,48.0,0.9952,0.56,12.3
0.31,0.47,0.085,33.0,0.99965,0.8,10.5
0.48,0.02,0.08,111.0,0.99524,0.53,9.7
0.34,0.52,0.094,53.0,1.0014,0.81,9.5
0.43,0.32,0.08,58.0,0.9974,0.64,10.3
0.5,0.09,0.049,99.0,0.9937,0.63,13.0
0.635,0.1,0.073,60.0,0.99638,0.75,10.9
0.57,0.02,0.067,11.0,0.997,0.68,9.5
0.715,0.2,0.076,38.0,0.99735,0.64,9.4
0.5,0.29,0.086,14.0,0.99502,0.62,11.5
0.39,0.43,0.068,11.0,0.99478,0.46,11.4
0.75,0.12,0.086,80.0,0.9958,0.52,10.1
0.33,0.53,0.091,80.0,0.9976,0.8,9.6
0.305,0.39,0.059,11.0,0.99331,0.52,11.5
1.13,0.09,0.172,19.0,0.994,0.48,9.8
0.88,0.03,0.079,47.0,0.99572,0.5,11.2
0.645,0.36,0.053,14.0,0.9982,0.42,10.0
0.44,0.68,0.114,24.0,0.997,0.66,13.4
0.685,0.07,0.058,9.0,0.99632,0.55,10.9
0.57,0.27,0.082,144.0,0.99782,0.55,9.4
0.67,0.02,0.072,92.0,0.99566,0.68,11.1
0.32,0.52,0.132,44.0,0.99734,0.77,11.5
0.56,0.09,0.079,22.0,0.99669,0.61,10.2
0.78,0.1,0.09,13.0,0.99855,0.49,9.5
0.49,0.26,0.062,31.0,0.9966,0.64,9.6
0.775,0.0,0.102,23.0,0.9965,0.56,10.7
0.31,0.36,0.056,39.0,0.99562,0.69,11.8
1.02,0.04,0.045,85.0,0.9938,0.48,10.5
0.34,0.32,0.09,113.0,0.9966,0.79,11.1
0.36,0.3,0.08,70.0,0.99693,0.5,9.4
0.875,0.13,0.088,14.0,0.9994,0.52,11.5
0.64,0.27,0.095,77.0,0.99747,0.62,9.1
0.58,0.23,0.044,70.0,0.99352,0.65,12.5
0.28,0.51,0.08,24.0,0.9982,0.89,9.4
0.61,0.08,0.071,24.0,0.99376,0.77,11.1
0.65,0.02,0.066,25.0,0.9972,0.67,9.5
0.55,0.0,0.07,17.0,0.99659,0.64,9.4
0.33,0.41,0.073,13.0,0.99658,0.62,12.1
0.58,0.2,0.073,44.0,0.99494,0.43,9.3
0.4,0.65,0.068,27.0,0.9988,0.68,11.3
0.58,0.0,0.065,18.0,0.9966,0.84,9.4
0.29,0.33,0.063,27.0,0.99516,0.84,11.7
0.62,0.08,0.068,38.0,0.99651,0.82,9.5
0.55,0.04,0.119,56.0,0.9962,0.6,10.9
0.52,0.07,0.074,20.0,0.9973,0.81,9.6
0.59,0.01,0.08,43.0,0.9955,0.58,10.7
0.41,0.58,0.096,101.0,1.00024,0.53,10.0
0.58,0.01,0.088,18.0,0.99568,0.56,10.5
0.43,0.3,0.062,12.0,0.99495,0.72,11.5
0.705,0.05,0.074,19.0,0.9962,0.95,10.5
0.53,0.24,0.072,105.0,0.996,0.54,9.4
0.28,0.28,0.012,100.0,0.99064,0.39,11.7
0.785,0.19,0.094,98.0,0.99713,0.52,9.56666666666667
0.52,0.03,0.07,35.0,0.99575,0.57,10.0
0.68,0.07,0.075,51.0,0.99685,0.52,9.5
0.53,0.04,0.076,31.0,0.9964,0.56,10.0
0.64,0.05,0.066,17.0,0.99496,0.78,10.6
0.34,0.58,0.174,16.0,0.997,0.7,11.3
0.62,0.1,0.071,63.0,0.996,0.61,9.2
0.5,0.01,0.06,26.0,0.9952,0.58,9.8
0.6,0.08,0.09,44.0,0.9949,0.58,10.5
0.545,0.06,0.087,61.0,0.9965,0.67,10.7
0.39,0.3,0.074,84.0,0.99717,0.61,9.0
0.6,0.3,0.068,110.0,0.99914,1.17,10.2
0.61,0.0,0.095,59.0,0.99541,0.7,11.5
0.5,0.36,0.071,102.0,0.9978,0.8,10.5
0.32,0.55,0.081,67.0,1.0002,0.92,10.8
0.28,0.48,0.093,12.0,0.99408,0.62,12.4
0.68,0.11,0.093,44.0,0.99888,0.55,9.5
0.26,0.44,0.071,19.0,0.9986,0.82,9.3
0.54,0.45,0.071,40.0,0.9991,0.62,9.4
0.67,0.08,0.045,48.0,0.9949,0.49,11.4
0.31,0.32,0.066,36.0,0.99364,0.56,12.6
0.46,0.2,0.077,54.0,0.9956,0.64,10.4
0.58,0.13,0.096,63.0,0.9984,0.62,9.1
0.61,0.0,0.069,8.0,0.99396,0.37,10.4
0.58,0.2,0.081,115.0,0.998,0.59,9.5
0.52,0.25,0.081,38.0,0.9984,0.65,9.0
0.82,0.05,0.081,96.0,0.99814,0.53,10.0
0.48,0.32,0.062,54.0,0.99728,0.65,10.0
0.68,0.02,0.072,20.0,0.9965,1.08,9.2
0.31,0.74,0.075,15.0,1.0008,0.79,8.4
0.36,0.31,0.079,65.0,0.99716,0.62,9.5
0.5,0.34,0.082,14.0,0.9987,0.52,10.7
0.7,0.08,0.067,16.0,0.99334,0.52,12.6
0.37,0.43,0.082,82.0,0.99708,0.68,9.7
0.51,0.24,0.091,38.0,0.998,0.66,9.6
0.835,0.08,0.046,93.0,0.9924,0.85,13.0
0.55,0.13,0.075,35.0,0.9959,0.59,9.7
0.54,0.13,0.097,66.0,0.99785,0.61,9.4
0.6,0.0,0.063,18.0,0.99191,0.56,12.2
0.695,0.13,0.076,20.0,0.99546,0.54,10.1
0.54,0.02,0.085,31.0,0.99589,0.51,10.4
0.66,0.2,0.097,113.0,0.99733,0.48,9.2
0.61,0.11,0.066,28.0,0.99483,0.66,10.9
0.65,0.0,0.065,21.0,0.9946,0.47,10.0
0.61,0.01,0.074,38.0,0.99748,0.65,9.8
0.56,0.04,0.082,22.0,0.9976,0.44,9.6
0.73,0.0,0.081,24.0,0.99798,0.46,9.6
0.85,0.05,0.045,88.0,0.9924,0.82,12.9
0.5,0.45,0.119,68.0,0.99708,0.72,10.9
0.27,0.54,0.065,26.0,0.99531,0.53,12.5
0.58,0.66,0.072,37.0,0.9992,0.56,10.0
0.43,0.33,0.095,89.0,0.9984,0.68,10.0
0.46,0.23,0.091,77.0,0.99922,0.51,9.4
0.745,0.12,0.114,64.0,0.99588,0.59,9.5
0.59,0.07,0.102,71.0,1.00015,0.71,9.8
0.7,0.06,0.079,35.0,0.99628,0.69,10.9
0.39,0.66,0.093,30.0,0.9996,0.63,10.8
0.35,0.33,0.076,47.0,0.99599,0.81,11.0
0.35,0.45,0.092,88.0,0.99918,0.43,9.4
0.6,0.18,0.079,86.0,0.9968,0.57,9.3
0.36,0.24,0.095,42.0,0.9946,0.57,11.7
0.27,0.46,0.095,29.0,0.99488,0.56,11.3
0.23,0.37,0.046,60.0,0.9971,0.71,12.1
0.26,0.26,0.052,77.0,0.9951,0.79,10.9
0.79,0.04,0.061,17.0,0.99588,0.65,10.4
0.68,0.24,0.087,28.0,0.9988,0.6,10.2
0.44,0.49,0.083,111.0,0.9982,0.6,9.5
0.46,0.2,0.077,54.0,0.9956,0.64,10.4
0.66,0.0,0.084,23.0,0.9983,0.96,9.9
0.785,0.19,0.094,98.0,0.99713,0.52,9.6
0.6,0.0,0.074,34.0,0.9972,0.7,9.9
0.47,0.4,0.071,19.0,0.9963,0.73,10.6
0.6,0.22,0.08,105.0,0.99613,0.49,9.9
1.0,0.09,0.065,37.0,0.99685,0.55,9.0
0.62,0.08,0.076,24.0,0.9978,0.53,9.0
0.55,0.03,0.072,42.0,0.9956,0.48,9.0
0.21,0.37,0.067,10.0,0.99552,0.58,11.1
0.38,0.5,0.104,13.0,0.99643,0.65,11.6
0.86,0.26,0.079,28.0,0.99712,0.62,10.0
0.66,0.17,0.077,13.0,0.9976,0.55,10.4
0.69,0.32,0.088,91.0,0.9979,0.62,10.1
0.835,0.0,0.081,14.0,0.9975,0.52,9.3
0.795,0.0,0.065,52.0,0.99378,0.52,11.6
0.4,0.44,0.089,43.0,0.9975,0.61,10.5
0.64,0.23,0.08,119.0,0.99538,0.7,10.9
0.6,0.04,0.076,88.0,0.99745,0.55,9.5
0.735,0.1,0.079,31.0,0.9986,0.56,10.1
0.6,0.49,0.085,41.0,0.9994,0.63,10.5
0.51,0.01,0.074,25.0,0.9958,0.56,9.5
0.67,0.02,0.061,42.0,0.99489,0.82,10.9
0.31,0.49,0.067,21.0,0.9987,0.86,10.7
0.34,0.33,0.064,37.0,0.9952,0.77,12.1
0.26,0.42,0.08,27.0,0.9974,0.8,9.4
0.24,0.47,0.066,24.0,0.9978,0.9,11.0
0.7,0.0,0.076,34.0,0.9978,0.56,9.4
0.665,0.61,0.112,95.0,0.997,0.54,9.1
0.57,0.12,0.12,36.0,0.99519,0.71,11.3
0.57,0.0,0.072,64.0,0.99491,0.56,11.2
0.38,0.57,0.106,12.0,0.99605,0.55,11.4
0.21,0.49,0.088,32.0,0.9972,0.68,11.7
0.475,0.4,0.091,28.0,0.99704,0.65,10.0333333333333
0.725,0.05,0.086,11.0,0.9962,0.39,10.9
0.38,0.48,0.157,17.0,0.9976,1.05,9.4
0.64,0.22,0.094,33.0,0.99612,0.58,11.0
0.29,0.26,0.063,11.0,0.9915,0.54,13.5
0.51,0.09,0.062,9.0,0.99584,0.54,10.5
0.55,0.21,0.071,28.0,0.9964,0.55,9.7
0.39,0.4,0.073,26.0,0.9984,0.75,10.2
0.745,0.11,0.09,63.0,0.9965,0.82,9.6
0.43,0.17,0.082,51.0,0.99634,0.64,10.4
0.5,0.24,0.103,14.0,0.9978,0.52,10.0
0.41,0.37,0.091,23.0,0.99786,0.56,10.5
0.72,0.01,0.076,32.0,0.99668,0.54,9.6
0.545,0.18,0.08,35.0,0.9972,0.59,9.0
0.39,0.32,0.065,60.0,0.99714,0.78,9.9
0.5,0.11,0.075,49.0,0.99545,0.79,9.5
0.46,0.17,0.073,11.0,0.99425,0.54,11.4
0.42,0.45,0.072,59.0,0.99617,0.77,12.0
0.64,0.21,0.081,31.0,0.99689,0.66,9.8
0.56,0.03,0.084,35.0,0.9968,0.63,10.0
0.54,0.04,0.077,27.0,0.9987,0.91,9.4
0.41,0.64,0.093,42.0,0.9986,0.66,10.5
0.42,0.32,0.067,25.0,0.99628,0.44,10.4
0.68,0.02,0.087,94.0,0.9944,0.52,10.0
0.58,0.28,0.066,114.0,0.9973,0.54,9.4
0.52,0.38,0.096,18.0,0.99666,0.52,9.4
0.38,0.66,0.088,41.0,1.001,0.68,9.8
0.56,0.17,0.065,24.0,0.99514,0.68,10.55
0.4,0.57,0.08,20.0,0.99652,0.57,12.5
0.715,0.24,0.07,20.0,0.9966,0.59,9.9
0.42,0.27,0.092,55.0,0.99471,0.64,12.3
0.66,0.03,0.078,86.0,0.99743,0.57,9.7
0.59,0.59,0.087,49.0,0.9988,0.65,11.0
0.35,0.49,0.066,35.0,1.0014,0.66,12.0
0.33,0.44,0.042,12.0,0.99542,0.61,10.7
0.24,0.4,0.056,25.0,0.9967,0.87,8.7
0.58,0.66,0.074,47.0,1.0008,0.57,9.0
0.31,0.57,0.111,85.0,0.9971,0.53,9.7
0.655,0.12,0.083,113.0,0.9966,0.66,9.8
0.47,0.49,0.085,47.0,1.0021,0.68,12.7
0.735,0.08,0.092,41.0,0.9974,0.71,9.8
0.48,0.34,0.073,25.0,0.9936,0.66,12.4
0.58,0.01,0.08,54.0,0.99683,0.73,9.7
0.5,0.36,0.116,55.0,0.99722,0.68,10.9
0.29,0.49,0.096,59.0,0.99714,0.67,10.1
0.5,0.35,0.077,127.0,0.9976,0.62,9.4
0.5,0.33,0.084,143.0,0.9968,0.55,9.5
1.035,0.15,0.073,54.0,0.999,0.49,9.9
0.55,0.21,0.071,28.0,0.9964,0.55,9.7
0.44,0.49,0.078,121.0,0.9978,0.58,9.2
0.755,0.0,0.084,12.0,0.99672,0.49,9.7
0.24,0.34,0.062,22.0,0.9974,0.94,10.9
0.41,0.3,0.083,72.0,0.997,0.52,9.4
0.48,0.24,0.102,32.0,1.0,0.56,10.0
0.18,0.37,0.049,109.0,0.99007,0.44,12.7
0.45,0.2,0.069,15.0,0.9958,0.56,9.2
0.835,0.0,0.166,11.0,0.99608,0.52,10.0
0.84,0.0,0.065,33.0,0.9954,0.55,9.7
0.48,0.31,0.07,15.0,0.99693,0.55,10.3
1.025,0.43,0.08,84.0,0.9985,0.57,10.1
0.59,0.06,0.06,18.0,0.9962,0.59,10.8
0.695,0.0,0.075,56.0,0.9968,0.67,9.2
0.64,0.17,0.084,130.0,0.99818,0.54,9.6
0.63,0.0,0.097,38.0,0.99675,0.58,9.0
0.61,0.2,0.077,65.0,0.9971,0.58,9.3
0.49,0.1,0.074,30.0,0.9959,0.58,10.2
0.35,0.33,0.076,47.0,0.99599,0.81,11.0
0.66,0.0,0.084,23.0,0.9983,0.96,9.9
0.69,0.32,0.088,91.0,0.9979,0.62,10.1
0.84,0.34,0.05,10.0,0.99554,0.48,9.1
0.3,0.74,0.095,28.0,0.9994,0.77,10.8
0.29,0.52,0.113,37.0,0.9969,0.58,9.5
0.33,0.4,0.083,68.0,0.99782,0.48,9.4
0.71,0.0,0.08,34.0,0.9976,0.53,9.5
0.67,0.02,0.05,11.0,0.9962,0.52,9.5
0.6,0.5,0.079,71.0,0.9997,0.57,9.7
0.61,0.18,0.083,20.0,0.9963,0.6,10.2
0.655,0.03,0.078,12.0,0.99587,0.39,9.5
0.44,0.09,0.063,18.0,0.99444,0.69,11.3
0.365,0.49,0.088,106.0,0.9966,0.78,11.0
0.42,0.49,0.073,43.0,0.9978,0.61,9.5
0.43,0.4,0.082,11.0,0.99538,0.54,12.2
0.32,0.31,0.088,19.0,0.9957,0.55,10.4
0.71,0.0,0.08,35.0,0.9972,0.55,9.4
0.33,0.33,0.061,13.0,0.996,1.1,10.0
0.69,0.0,0.114,10.0,0.99636,0.6,9.7
0.41,0.64,0.093,42.0,0.9986,0.66,10.5
0.12,0.45,0.075,21.0,0.99552,0.76,11.9
0.645,0.12,0.075,44.0,0.99547,0.71,10.2
0.26,0.3,0.059,38.0,0.9949,0.47,10.8
0.35,0.49,0.079,69.0,0.9994,0.75,10.4
0.46,0.44,0.065,8.0,0.99674,0.62,12.2
0.69,0.21,0.08,141.0,0.9962,0.51,9.9
0.56,0.33,0.089,67.0,0.9972,0.73,11.8
0.6,0.0,0.055,13.0,0.99639,0.56,10.8
0.4,0.29,0.157,44.0,0.9973,0.92,9.5
0.53,0.01,0.077,19.0,0.995,0.46,9.8
0.69,0.31,0.086,81.0,1.0002,0.74,11.6
0.52,0.09,0.091,49.0,0.9976,0.86,10.6
0.3,0.48,0.069,61.0,0.9959,0.78,10.3
0.4,0.32,0.061,29.0,0.99416,0.49,11.3
0.57,0.23,0.073,119.0,0.99675,0.57,9.3
0.36,0.6,0.152,18.0,0.9986,1.06,9.4
0.37,0.69,0.078,24.0,0.9958,0.65,12.8
0.57,0.06,0.076,27.0,0.9972,0.7,9.6
0.3,0.6,0.067,27.0,0.9981,0.97,10.1
0.39,0.31,0.082,71.0,0.9982,0.65,9.7
0.685,0.1,0.092,12.0,0.99745,0.65,9.55
0.43,0.35,0.092,70.0,0.99798,0.69,10.5
0.41,0.63,0.089,47.0,1.0014,0.81,10.8
0.33,0.41,0.056,35.0,0.99396,0.71,11.0
0.5,0.34,0.094,45.0,0.99864,0.6,9.7
0.54,0.45,0.071,40.0,0.9991,0.62,9.4
0.32,0.57,0.074,65.0,0.9969,0.79,10.7
0.3,0.38,0.06,72.0,0.99543,0.72,11.8
0.35,0.33,0.068,26.0,0.9947,0.6,11.9
0.43,0.02,0.08,28.0,0.99492,0.81,10.6
0.62,0.32,0.082,54.0,0.9966,0.52,9.4
0.61,0.3,0.088,46.0,0.9976,0.51,9.3
0.49,0.18,0.069,34.0,0.9967,0.48,9.2
0.59,0.0,0.052,8.0,0.996,0.47,10.3
0.785,0.24,0.078,21.0,0.99692,0.67,10.0
0.49,0.19,0.079,26.0,0.99547,0.64,9.8
0.37,0.44,0.038,42.0,0.99526,0.81,10.8
0.44,0.64,0.059,15.0,0.998,0.67,10.2
0.5,0.3,0.065,17.0,0.99774,0.71,10.5
0.52,0.25,0.081,38.0,0.9984,0.65,9.0
0.865,0.03,0.071,58.0,0.995,0.49,12.7
0.66,0.15,0.097,59.0,0.99976,0.54,9.6
0.67,0.02,0.072,92.0,0.99566,0.68,11.0666666666667
0.56,0.24,0.079,58.0,0.9991,0.56,10.1
0.39,0.69,0.095,35.0,0.9994,0.61,10.8
0.75,0.14,0.086,30.0,0.99824,0.64,10.5
0.73,0.43,0.059,31.0,0.9966,0.57,11.0
0.38,0.15,0.072,19.0,0.9955,0.57,9.4
0.62,0.67,0.086,19.0,0.9988,0.69,13.4
0.53,0.06,0.063,44.0,0.99489,0.83,10.3
0.57,0.08,0.089,27.0,0.99592,0.59,10.4
0.55,0.17,0.087,53.0,1.0004,0.61,9.4
0.46,0.29,0.074,98.0,0.99578,0.62,9.8
0.5,0.3,0.075,22.0,0.9959,0.56,10.4
0.305,0.39,0.059,11.0,0.99331,0.52,11.5
0.53,0.22,0.078,89.0,0.99678,0.46,9.6
0.32,0.25,0.071,58.0,0.99633,0.97,10.6
0.45,0.33,0.099,38.0,0.99818,0.71,10.8
0.46,0.49,0.064,17.0,0.9988,0.73,11.0
0.5,0.36,0.071,102.0,0.9978,0.8,10.5
0.39,0.63,0.091,18.0,1.0004,0.49,9.5
0.36,0.29,0.087,72.0,0.99645,0.68,11.0
0.51,0.18,0.07,28.0,0.99768,0.73,9.5
0.51,0.15,0.064,27.0,0.9929,0.59,12.8
0.65,0.06,0.05,18.0,0.99348,0.54,11.95
0.39,0.54,0.095,101.0,1.0001,0.51,9.5
0.395,0.46,0.094,10.0,0.99639,0.64,12.2
0.61,0.14,0.067,42.0,0.9969,0.59,9.5
0.59,0.05,0.089,32.0,0.99735,0.61,10.0
0.49,0.03,0.044,87.0,0.9908,0.82,14.0
0.4,0.32,0.087,47.0,0.9991,0.77,10.5
0.34,0.52,0.159,75.0,0.9998,0.64,9.4
0.54,0.26,0.089,147.0,0.99636,0.59,9.7
0.53,0.0,0.07,14.0,0.99593,0.64,10.0
0.53,0.49,0.118,17.0,1.0002,0.56,11.7
0.48,0.08,0.074,64.0,0.99529,0.49,9.6
0.46,0.14,0.076,37.0,0.99624,0.49,10.7
0.69,0.21,0.08,141.0,0.9962,0.51,9.9
0.685,0.0,0.099,22.0,0.99606,0.6,9.7
0.915,0.0,0.041,78.0,0.99346,0.73,11.4
0.47,0.49,0.085,47.0,1.0021,0.68,12.7
0.41,0.24,0.08,11.0,0.9962,0.59,9.5
0.38,0.31,0.096,49.0,0.9982,0.7,10.0
0.645,0.03,0.086,57.0,0.9969,0.46,10.3
0.55,0.22,0.106,72.0,0.9959,0.63,9.2
0.82,0.02,0.07,48.0,0.9952,0.58,9.8
0.655,0.49,0.122,151.0,1.001,1.14,9.3
1.0,0.09,0.065,37.0,0.99685,0.55,9.0
0.41,0.3,0.083,72.0,0.997,0.52,9.4
0.83,0.09,0.074,25.0,0.99534,0.45,9.6
0.27,0.56,0.047,8.0,0.99471,0.51,11.8
0.6,0.1,0.048,26.0,0.99306,0.51,12.1
0.63,0.31,0.088,64.0,0.9969,0.79,9.3
0.32,0.56,0.073,8.0,0.99534,0.73,11.4
0.38,0.32,0.08,71.0,0.99624,0.85,11.0
0.785,0.24,0.078,21.0,0.99692,0.67,10.0
0.65,0.1,0.089,40.0,0.99803,0.55,9.5
0.38,0.44,0.098,15.0,0.9956,0.64,11.4
0.62,0.05,0.068,42.0,0.9961,0.57,11.5
0.755,0.15,0.107,84.0,0.99593,0.5,9.5
0.51,0.13,0.076,40.0,0.99574,0.75,11.0
0.64,0.21,0.081,31.0,0.99689,0.66,9.8
0.54,0.26,0.097,31.0,0.9976,0.6,9.3
0.42,0.21,0.092,88.0,0.99823,0.52,9.2
0.51,0.02,0.084,31.0,0.99538,0.54,10.5
0.22,0.24,0.078,28.0,0.999,0.87,10.3
0.41,0.48,0.072,20.0,0.9973,0.79,12.2
0.62,0.06,0.077,85.0,0.99746,0.54,9.5
0.645,0.49,0.095,23.0,1.00315,0.74,11.1
0.78,0.23,0.059,15.0,0.997,0.56,11.3
0.43,0.3,0.085,39.0,0.99346,0.46,11.9
0.54,0.0,0.079,55.0,0.9956,0.84,11.4
0.63,0.21,0.08,32.0,0.99689,0.66,9.8
0.5,0.09,0.049,99.0,0.9937,0.63,13.0
0.5,0.34,0.082,14.0,0.9987,0.52,10.7
0.42,0.35,0.083,38.0,0.99622,0.66,11.1
0.66,0.03,0.078,86.0,0.99743,0.57,9.7
1.04,0.05,0.084,29.0,0.9959,0.55,9.9
0.31,0.47,0.062,33.0,0.9983,0.66,10.0
0.64,0.23,0.095,38.0,0.9998,0.59,9.7
0.69,0.05,0.075,27.0,0.9974,0.61,9.1
0.5,0.46,0.073,27.0,1.0001,0.64,9.5
0.545,0.12,0.068,35.0,0.996,0.61,11.6
0.69,0.0,0.055,12.0,0.99162,0.53,12.9
0.715,0.0,0.068,35.0,0.99533,0.65,11.4
0.61,0.01,0.08,25.0,0.99746,0.73,10.5
0.38,0.36,0.081,119.0,0.997,0.56,9.4
0.56,0.26,0.083,100.0,0.99586,0.52,9.9
0.42,0.25,0.104,90.0,0.99784,0.57,9.1
0.33,0.52,0.074,25.0,0.99509,0.76,12.4
0.44,0.42,0.145,48.0,0.99832,0.86,9.9
0.31,0.47,0.067,42.0,0.99549,0.66,11.0
0.7,0.0,0.076,34.0,0.9978,0.56,9.4
0.62,0.35,0.086,52.0,0.997,0.62,10.8
0.64,0.07,0.1,23.0,0.9961,0.58,9.6
0.42,0.53,0.105,98.0,1.001,0.95,9.2
1.18,0.21,0.083,41.0,0.99532,0.47,10.5
0.54,0.06,0.05,89.0,0.99236,0.5,10.55
0.36,0.59,0.152,18.0,0.9986,1.05,9.4
0.31,0.53,0.06,10.0,0.99572,0.83,10.9
0.35,0.47,0.061,11.0,0.99585,0.52,12.0
0.31,0.39,0.078,43.0,0.99444,0.77,12.5
0.26,0.37,0.076,23.0,0.9974,0.7,9.6
0.43,0.45,0.052,16.0,0.9948,0.7,12.5
0.66,0.0,0.096,13.0,0.99569,0.58,9.5
0.815,0.02,0.072,34.0,0.9955,0.89,12.3
0.63,0.07,0.089,44.0,0.9953,0.55,10.4
0.58,0.22,0.08,32.0,0.9974,0.55,9.5
0.63,0.12,0.111,110.0,0.9983,0.77,9.4
0.6,0.01,0.079,37.0,0.99514,0.61,10.9
0.35,0.41,0.083,61.0,0.9982,0.5,9.5
0.63,0.03,0.08,88.0,0.99745,0.58,9.8
0.955,0.05,0.075,19.0,0.99616,0.44,9.6
0.4,0.48,0.125,49.0,0.998,0.81,9.7
0.37,0.34,0.085,17.0,0.99683,0.65,10.6
0.78,0.08,0.093,19.0,0.9956,0.47,10.0
0.67,0.3,0.06,62.0,0.9958,0.56,10.2
0.645,0.49,0.095,23.0,1.00315,0.74,11.1
0.53,0.79,0.12,77.0,1.0018,0.77,13.0
0.43,0.21,0.106,37.0,0.9966,0.91,9.5
0.69,0.0,0.088,38.0,0.999,0.6,9.3
0.45,0.36,0.074,87.0,0.9978,0.83,10.5
0.38,0.41,0.103,10.0,0.99604,0.58,11.9
0.52,0.38,0.066,56.0,0.99577,0.79,12.1
0.18,0.4,0.049,67.0,0.996,0.93,11.3
0.57,0.01,0.054,27.0,0.9934,0.84,12.5
0.45,0.49,0.075,6.0,0.9969,0.63,10.4
0.28,0.49,0.074,21.0,0.9976,0.66,9.9
0.29,0.42,0.084,27.0,0.99545,0.73,11.9
0.48,0.07,0.089,18.0,0.99684,0.68,11.2
0.18,0.51,0.104,23.0,0.9996,0.97,10.1
0.34,0.36,0.065,10.0,0.99419,0.54,11.2
0.685,0.35,0.088,92.0,0.9963,0.62,9.4
0.38,0.49,0.098,42.0,1.0004,0.61,10.3
0.38,0.21,0.08,35.0,0.9961,0.47,9.5
0.83,0.0,0.095,43.0,0.99822,0.6,10.4
0.315,0.4,0.079,6.0,0.99512,0.67,11.9
0.8,0.11,0.084,31.0,0.9979,0.48,9.9
0.76,0.29,0.075,16.0,0.9965,0.68,11.5
0.31,0.51,0.079,28.0,0.9982,0.93,9.8
0.84,0.21,0.074,65.0,0.99842,0.72,9.25
0.22,0.48,0.077,60.0,0.9968,0.53,9.4
0.34,0.0,0.05,63.0,0.9916,0.79,14.0
0.34,0.28,0.082,68.0,0.99694,0.48,9.4
0.44,0.0,0.07,38.0,0.99438,0.58,11.4
0.6,0.26,0.08,131.0,0.99622,0.52,9.9
0.725,0.24,0.083,62.0,0.99685,0.56,10.0
0.38,0.42,0.071,13.0,0.99659,0.75,10.5
0.53,0.57,0.093,52.0,0.9971,0.76,11.6
0.855,0.02,0.062,23.0,0.99627,0.6,11.0
0.53,0.01,0.077,19.0,0.995,0.46,9.8
0.5,0.59,0.073,42.0,0.998,0.68,10.5
0.37,0.48,0.097,145.0,0.9975,1.03,9.3
0.56,0.08,0.105,44.0,0.9958,0.52,11.0
0.5,0.74,0.1,17.0,0.9996,0.62,11.2
0.76,0.02,0.078,12.0,0.996,0.63,9.95
0.5,0.0,0.057,26.0,0.99448,0.45,9.5
0.63,0.27,0.083,91.0,0.99616,0.58,9.8
0.6,0.49,0.075,19.0,0.9994,0.57,11.4
0.4,0.3,0.08,79.0,0.9969,0.65,9.5
0.365,0.49,0.088,106.0,0.9966,0.78,11.0
0.52,0.42,0.087,38.0,0.9972,0.61,10.5
0.46,0.0,0.077,44.0,0.99385,0.53,11.2
0.59,0.08,0.086,29.0,0.9974,0.5,9.0
0.22,0.3,0.065,20.0,0.99672,0.82,10.0
0.45,0.49,0.084,75.0,0.9987,0.57,9.7
0.565,0.34,0.093,112.0,0.9998,0.61,9.5
0.68,0.09,0.068,29.0,0.99524,0.52,11.1
0.41,0.54,0.095,41.0,0.99735,0.76,9.9
0.5,0.0,0.057,26.0,0.99448,0.45,9.5
0.32,0.42,0.098,9.0,0.99506,0.55,12.3
0.895,0.04,0.068,13.0,0.99582,0.58,10.8
0.47,0.3,0.076,135.0,0.9976,0.53,9.4
0.36,0.39,0.08,55.0,0.99652,0.73,10.9
0.53,0.06,0.074,39.0,0.99615,0.48,9.8
0.675,0.07,0.089,82.0,0.9958,0.54,10.1
0.68,0.24,0.087,28.0,0.9988,0.6,10.2
0.57,0.02,0.072,26.0,0.99575,0.61,10.2
0.35,0.48,0.09,21.0,0.9986,0.53,10.5
0.66,0.22,0.069,23.0,0.9968,1.2,10.3
0.53,0.12,0.165,12.0,0.99702,0.86,9.2
0.69,0.07,0.091,21.0,0.99572,0.6,11.3
0.59,0.31,0.09,62.0,0.9994,0.63,10.2
0.54,0.31,0.112,38.0,0.99699,0.56,10.9
0.695,0.13,0.076,20.0,0.99546,0.54,10.1
0.615,0.0,0.065,18.0,0.9972,0.65,9.2
0.59,0.1,0.063,53.0,0.9958,0.67,9.7
0.92,0.24,0.087,93.0,0.9998,0.54,9.8
0.64,0.09,0.081,26.0,0.99538,0.63,12.0
0.63,0.0,0.093,77.5,0.99558,0.45,9.5
0.43,0.29,0.075,66.0,0.99718,0.64,9.5
0.39,0.1,0.075,25.0,0.99581,0.43,9.7
0.37,0.32,0.062,28.0,0.9947,0.73,11.3
0.56,0.22,0.074,24.0,0.99438,0.82,11.2
0.61,0.14,0.067,42.0,0.9969,0.59,9.5
0.36,0.66,0.123,8.0,0.99642,0.53,11.9
0.78,0.0,0.089,26.0,0.9978,0.46,9.6
0.56,0.18,0.078,21.0,0.99576,0.49,9.9
0.645,0.03,0.086,57.0,0.9969,0.46,10.3
0.27,0.49,0.082,17.0,0.99484,0.52,12.5
0.59,0.29,0.109,119.0,0.99801,0.5,9.1
0.42,0.17,0.073,18.0,0.9972,0.61,9.2
0.42,0.09,0.054,64.0,0.99724,0.68,10.4
0.46,0.24,0.092,44.0,0.998,0.74,10.0
0.39,0.43,0.071,24.0,0.99428,0.87,11.2
0.51,0.02,0.084,31.0,0.99538,0.54,10.5
0.56,0.12,0.082,28.0,0.997,0.5,9.4
0.35,0.21,0.073,102.0,0.9964,0.58,9.5
0.57,0.25,0.104,89.0,0.9963,0.9,10.1
0.34,0.37,0.057,74.0,0.99408,0.81,12.0
0.4,0.4,0.079,52.0,0.998,0.64,9.2
0.42,0.17,0.073,18.0,0.9972,0.61,9.2
0.31,0.72,0.072,29.0,0.9987,0.82,9.8
0.44,0.42,0.064,19.0,0.99758,0.57,10.4
0.52,0.25,0.081,37.0,0.99685,0.5,11.0
0.81,0.05,0.07,14.0,0.99562,0.66,10.8
0.58,0.23,0.076,94.0,0.99686,0.58,9.5
0.58,0.02,0.073,18.0,0.9968,0.57,9.5
0.38,0.3,0.073,70.0,0.99685,0.59,9.5
0.64,0.0,0.072,55.0,0.9962,0.63,11.0
0.19,0.21,0.045,135.0,0.99341,0.44,9.5
0.41,0.5,0.055,25.0,0.9952,0.79,13.3
0.32,0.45,0.073,13.0,0.9976,0.82,12.6
0.47,0.27,0.058,38.0,0.99518,0.85,11.1
0.52,0.25,0.078,59.0,0.99612,0.48,10.2
0.3,0.49,0.09,24.0,0.99498,0.64,12.1
0.585,0.18,0.078,60.0,0.99638,0.54,9.8
0.41,0.39,0.064,31.0,0.9984,0.65,10.2
0.625,0.66,0.088,24.0,0.9988,0.99,13.3
0.77,0.32,0.079,74.0,0.99656,0.5,9.8
0.52,0.09,0.091,49.0,0.9976,0.86,10.6
0.885,0.03,0.058,8.0,0.9972,0.33,9.1
0.51,0.64,0.107,15.0,0.9973,0.66,11.8
0.48,0.32,0.084,122.0,0.9984,0.62,9.4
0.56,0.09,0.053,32.0,0.99402,0.6,11.3
0.32,0.25,0.071,58.0,0.99633,0.97,10.6
0.58,0.58,0.071,18.0,0.998,0.63,10.0
0.4,0.1,0.076,47.0,0.99554,0.48,9.4
0.38,0.49,0.098,42.0,1.0004,0.61,10.3
0.58,0.2,0.058,22.0,0.99322,0.49,11.7
0.55,0.19,0.082,34.0,0.99655,0.68,10.5
0.63,0.48,0.1,96.0,0.9961,0.62,9.5
0.62,0.18,0.062,50.0,0.9951,0.6,9.3
0.18,0.37,0.049,109.0,0.99007,0.44,12.7
0.31,0.09,0.066,28.0,0.99459,0.7,10.0
0.69,0.0,0.084,33.0,0.9992,0.45,9.4
0.49,0.63,0.072,26.0,0.9968,0.78,12.5
0.57,0.31,0.069,120.0,0.99625,0.53,9.3
0.32,0.52,0.132,44.0,0.99734,0.77,11.5
0.37,0.32,0.064,15.0,0.99576,0.8,11.2
0.84,0.02,0.096,13.0,0.997,0.57,11.0
0.95,0.03,0.09,20.0,0.9959,0.56,9.6
0.49,0.1,0.068,14.0,0.99562,0.47,10.5
0.78,0.0,0.076,45.0,0.99612,0.62,10.7
0.49,0.19,0.076,44.0,0.9957,0.54,9.7
0.28,0.48,0.093,12.0,0.99408,0.62,12.4
0.29,0.38,0.062,30.0,0.9968,0.53,9.5
0.59,0.42,0.09,73.0,0.999,0.7,9.5
0.655,0.16,0.074,25.0,0.99606,0.55,9.7
0.45,0.73,0.066,22.0,0.9986,0.66,11.2
0.415,0.36,0.081,45.0,0.9972,0.64,9.2
0.42,0.19,0.071,36.0,0.99476,0.56,10.9
0.645,0.25,0.083,28.0,0.99815,0.6,10.0
0.31,0.39,0.078,43.0,0.99444,0.77,12.5
0.545,0.06,0.087,61.0,0.9965,0.67,10.7
0.69,0.04,0.068,27.0,0.99712,0.67,9.8
0.7,0.08,0.106,27.0,0.99665,0.58,10.2
0.58,0.25,0.104,21.0,0.99769,0.72,9.6
0.84,0.03,0.059,48.0,0.9952,0.56,12.3
0.51,0.0,0.064,54.0,0.995,0.93,10.7
0.715,0.19,0.161,62.0,0.99395,0.61,11.0
0.58,0.1,0.102,109.0,0.99565,0.49,9.8
0.47,0.31,0.084,125.0,0.9984,0.61,9.4
0.88,0.0,0.098,67.0,0.9968,0.68,9.8
1.33,0.0,0.082,12.0,0.9964,0.48,10.9
0.65,0.1,0.089,40.0,0.99803,0.55,9.5
0.53,0.06,0.063,44.0,0.99489,0.83,10.3
0.39,0.46,0.075,27.0,0.99598,0.84,11.4
0.3,0.42,0.052,24.0,0.9963,0.82,11.9
0.58,0.56,0.153,14.0,0.99476,1.03,11.6
0.37,0.32,0.062,28.0,0.9947,0.73,11.3
0.685,0.11,0.077,31.0,0.9984,0.7,10.1
0.65,0.02,0.078,15.0,0.99498,0.62,10.4
0.58,0.02,0.069,40.0,0.99387,0.66,12.6
0.43,0.36,0.075,48.0,0.9976,0.46,9.4
0.2,0.35,0.054,15.0,0.99458,0.8,11.9
0.5,0.0,0.057,26.0,0.99448,0.45,9.5
0.32,0.59,0.077,15.0,0.9994,0.78,9.6
0.67,0.22,0.107,34.0,1.0004,0.98,9.9
0.65,0.02,0.066,25.0,0.9972,0.67,9.5
0.67,0.1,0.091,48.0,0.99888,0.54,9.5
0.85,0.14,0.093,54.0,0.99724,0.54,10.1
0.31,0.34,0.082,35.0,0.99356,0.59,12.5
0.26,0.45,0.06,49.0,0.9972,0.54,9.6
0.98,0.32,0.078,152.0,0.998,0.48,9.4
0.64,0.31,0.083,49.0,0.99718,0.68,10.3
0.46,0.24,0.077,34.0,0.9948,0.6,10.6
0.68,0.0,0.087,26.0,0.99783,0.53,9.5
0.775,0.22,0.079,48.0,0.9976,0.51,9.6
0.69,0.11,0.084,24.0,0.99578,0.47,9.7
0.36,0.39,0.08,55.0,0.99652,0.73,10.9
0.615,0.28,0.087,72.0,1.0001,0.53,9.7
0.38,0.3,0.073,70.0,0.99685,0.59,9.5
0.46,0.52,0.071,35.0,1.0006,0.56,9.0
0.965,0.1,0.112,22.0,0.9963,0.5,9.5
0.69,0.0,0.124,58.0,0.9997,0.72,10.2
0.4,0.4,0.068,54.0,0.99754,0.86,10.5
0.44,0.24,0.063,28.0,0.99613,0.53,10.2
0.64,0.0,0.123,33.0,0.99538,0.63,11.3
0.35,0.49,0.07,37.0,1.0003,0.91,11.0
0.6,0.0,0.058,10.0,0.9977,0.63,10.4
0.31,0.49,0.094,47.0,0.9986,1.02,10.6
0.44,0.2,0.049,64.0,0.9935,0.57,11.7
0.28,0.4,0.052,10.0,0.99356,0.7,12.8
0.6,0.08,0.071,45.0,0.99336,0.54,11.0
0.38,0.49,0.097,85.0,0.9962,0.77,11.4
0.785,0.52,0.122,153.0,0.9969,0.69,9.3
0.26,0.54,0.083,74.0,0.99451,0.63,11.8
0.24,0.54,0.083,57.0,0.9983,0.54,9.2
0.51,0.02,0.084,31.0,0.99538,0.54,10.5
0.55,0.09,0.068,17.0,0.99735,0.44,10.0
0.67,0.19,0.093,75.0,0.99736,0.59,9.2
0.21,0.52,0.09,23.0,0.99648,0.67,10.4
0.47,0.43,0.171,66.0,0.9982,0.76,10.8
0.43,0.25,0.073,63.0,0.99615,0.58,10.5
0.84,0.63,0.088,35.0,0.9997,0.6,10.4
0.36,0.39,0.08,55.0,0.99652,0.73,10.9
0.61,0.01,0.08,25.0,0.99746,0.73,10.5
0.41,0.55,0.076,54.0,0.9996,0.89,9.9
0.46,0.14,0.076,37.0,0.99624,0.49,10.7
0.63,0.01,0.076,39.0,0.99522,0.53,10.8
0.66,0.34,0.094,88.0,0.99796,0.66,10.1
0.52,0.38,0.096,18.0,0.99666,0.52,9.4
0.47,0.02,0.034,44.0,0.9921,0.62,12.8
0.28,0.46,0.05,13.0,0.9974,0.79,10.2
0.58,0.01,0.088,18.0,0.99568,0.56,10.5
0.59,0.01,0.077,85.0,0.99746,0.59,9.8
0.46,0.23,0.092,104.0,0.9983,0.56,9.2
0.6,0.1,0.085,111.0,0.9964,0.66,9.8
0.62,0.06,0.078,84.0,0.99746,0.53,9.7
0.44,0.49,0.077,19.0,0.9963,0.63,11.6
0.47,0.49,0.094,106.0,0.9982,0.59,9.1
0.45,0.11,0.043,12.0,0.99354,0.65,11.4
0.76,0.0,0.072,52.0,0.99379,0.6,11.5
0.34,0.28,0.082,68.0,0.99694,0.48,9.4
0.31,0.35,0.075,28.0,0.99672,0.83,11.2
0.53,0.26,0.101,72.0,0.9957,0.57,9.4
0.33,0.47,0.077,11.0,0.9958,0.53,10.3
0.47,0.0,0.055,33.0,0.9922,0.48,12.3
0.935,0.43,0.114,114.0,0.997,0.73,9.2
0.19,0.42,0.057,30.0,0.994,0.69,11.2
0.775,0.42,0.092,86.0,0.9959,0.59,9.5
0.52,0.34,0.087,122.0,0.9982,0.61,9.5
0.66,0.39,0.083,59.0,0.9989,0.71,11.5
0.59,0.39,0.095,22.0,0.9986,0.58,10.3
0.52,0.33,0.07,30.0,0.9978,0.6,9.3
0.59,0.44,0.071,68.0,0.9992,0.63,9.5
0.75,0.01,0.059,18.0,0.99242,0.4,12.8
0.41,0.43,0.076,54.0,0.99572,1.16,10.6
1.02,0.43,0.076,88.0,0.9984,0.57,10.1
0.58,0.03,0.08,46.0,0.99592,0.47,9.2
0.32,0.44,0.104,17.0,0.99732,0.78,11.0
0.29,0.49,0.092,60.0,0.9971,0.61,10.1
0.67,0.23,0.088,96.0,0.9962,0.48,9.5
0.62,0.19,0.17,148.0,0.9986,0.93,9.2
0.59,0.22,0.082,60.0,0.99499,0.42,9.2
0.25,0.43,0.067,50.0,0.9946,0.6,11.9
0.22,0.24,0.078,28.0,0.999,0.87,10.3
0.48,0.64,0.111,20.0,0.997,0.66,11.7
0.44,0.28,0.1,95.0,0.9966,0.67,9.4
0.54,0.13,0.076,36.0,0.9973,0.64,9.8
0.63,0.0,0.097,38.0,0.99675,0.58,9.0
0.43,0.44,0.085,22.0,0.99708,0.55,9.5
0.39,0.42,0.086,21.0,0.99526,0.66,11.6
0.43,0.4,0.092,52.0,0.99834,0.64,10.0
0.765,0.02,0.063,63.0,0.9975,0.78,9.9
1.0,0.0,0.102,16.0,0.99586,0.46,10.0
0.44,0.5,0.107,13.0,0.998,0.83,11.5
0.34,0.4,0.055,9.0,0.99738,0.66,11.6
0.58,0.03,0.077,28.0,0.99568,0.52,10.0
0.35,0.53,0.07,16.0,0.9972,0.65,11.0
0.55,0.1,0.062,51.0,0.99512,0.76,11.2
0.38,0.46,0.104,10.0,0.99664,0.65,11.8
0.83,0.37,0.086,70.0,0.9981,0.52,9.9
0.4,0.5,0.071,16.0,0.99462,0.69,12.5
0.61,0.04,0.057,10.0,0.99525,0.6,9.5
0.73,0.02,0.076,42.0,0.9972,0.52,9.3
0.56,0.24,0.079,58.0,0.9991,0.56,10.1
0.41,0.55,0.076,54.0,0.9996,0.89,9.9
0.87,0.0,0.084,31.0,0.99656,0.5,9.8
0.74,0.19,0.111,76.0,0.99878,0.55,9.4
0.64,0.0,0.077,29.0,0.9965,0.6,10.0
0.74,0.03,0.054,16.0,0.99508,0.63,11.5
0.34,0.42,0.086,19.0,0.99546,0.6,11.4
0.4,0.47,0.087,20.0,0.99772,0.5,10.5
0.74,0.03,0.054,16.0,0.99508,0.63,11.5
0.66,0.0,0.052,11.0,0.99318,0.66,12.7
0.82,0.14,0.089,23.0,0.9984,0.63,9.8
0.45,0.36,0.074,87.0,0.9978,0.83,10.5
0.685,0.26,0.088,23.0,0.99694,0.47,9.4
0.43,0.24,0.092,45.0,0.998,0.73,10.0
0.56,0.13,0.077,42.0,0.99629,0.59,9.2
0.47,0.11,0.048,89.0,0.99182,0.88,13.5666666666667
0.575,0.22,0.077,65.0,0.9967,0.51,9.2
0.67,0.0,0.08,39.0,0.99701,0.74,9.7
0.56,0.14,0.078,18.0,0.99592,0.62,9.3
0.38,0.55,0.081,16.0,1.0006,0.54,9.4
0.49,0.33,0.074,85.0,0.99706,0.58,9.0
0.665,0.1,0.066,55.0,0.99655,0.51,9.3
0.26,0.52,0.071,10.0,0.9968,0.72,10.2
0.62,0.18,0.176,145.0,0.9986,0.88,9.2
0.56,0.31,0.089,46.0,0.9979,0.92,10.0
0.43,0.39,0.106,32.0,0.9986,0.5,9.6
0.96,0.2,0.047,60.0,0.9955,0.44,10.9
0.57,0.02,0.077,35.0,0.99557,0.62,10.8
0.705,0.1,0.084,26.0,0.9976,0.49,9.7
0.635,0.1,0.08,33.0,0.99736,0.69,10.8
0.4,0.14,0.085,40.0,0.9968,0.63,9.7
0.38,0.55,0.071,19.0,0.9986,0.62,10.8
0.42,0.0,0.044,88.0,0.99157,0.73,13.6
0.45,0.23,0.082,18.0,0.99774,0.65,9.3
0.59,0.01,0.056,13.0,0.99472,0.56,11.4
0.36,0.19,0.075,39.0,0.9956,0.52,12.7
0.36,0.3,0.074,24.0,0.99419,0.7,11.4
0.53,0.24,0.078,139.0,0.99788,0.57,9.5
0.36,0.66,0.123,8.0,0.99642,0.53,11.9
0.53,0.6,0.039,19.0,0.99585,0.86,12.4
0.5,0.21,0.088,39.0,0.99692,0.83,11.1
0.91,0.07,0.058,47.0,0.99525,0.43,10.7
1.04,0.24,0.05,96.0,0.9934,0.62,11.5
0.58,0.0,0.1,63.0,0.99544,0.68,11.4
0.6,0.49,0.1,14.0,1.001,0.74,11.9
0.62,0.12,0.072,46.0,0.99504,0.89,11.8
0.25,0.39,0.041,10.0,0.99386,0.71,12.5
0.18,0.51,0.104,23.0,0.9996,0.97,10.1
0.39,0.16,0.08,23.0,0.9955,0.56,9.3
0.64,0.21,0.077,133.0,0.9956,0.45,9.9
0.69,0.31,0.086,81.0,1.0002,0.74,11.6
1.02,0.0,0.083,24.0,0.99437,0.55,11.2
0.65,0.6,0.112,90.0,0.9973,0.52,9.2
0.5,0.14,0.078,23.0,0.99636,0.61,10.4
0.395,0.13,0.056,28.0,0.99362,0.67,12.4
0.96,0.2,0.047,60.0,0.9955,0.44,10.9
0.62,0.06,0.077,85.0,0.99746,0.54,9.5
0.48,0.25,0.076,61.0,0.9953,0.6,10.4
0.45,0.5,0.078,47.0,1.0003,1.11,11.0
0.57,0.09,0.065,45.0,0.99417,0.74,12.7
0.32,0.59,0.077,15.0,0.9994,0.78,9.6
0.67,0.55,0.117,141.0,0.9968,0.62,9.4
0.3,0.38,0.06,72.0,0.99543,0.72,11.8
0.57,0.21,0.069,9.0,0.99458,0.54,9.8
0.58,0.54,0.114,9.0,0.99719,0.57,10.3
0.545,0.18,0.08,35.0,0.9972,0.59,9.0
0.58,0.2,0.075,50.0,0.99467,0.67,12.5
0.46,0.63,0.071,15.0,0.9988,0.87,10.2
0.74,0.0,0.041,46.0,0.99258,0.59,12.5
0.59,0.31,0.09,62.0,0.9994,0.63,10.2
0.715,0.15,0.089,52.0,0.9968,0.77,9.5
0.69,0.07,0.091,21.0,0.99572,0.6,11.3
0.34,0.27,0.067,44.0,0.99384,0.56,12.0
0.36,0.46,0.074,44.0,0.99534,0.85,11.0
0.885,0.2,0.086,31.0,0.9946,0.46,10.0
0.47,0.27,0.055,28.0,0.99516,0.8,11.2
0.63,0.33,0.059,28.0,0.99531,0.64,10.1
0.57,0.21,0.069,9.0,0.99458,0.54,9.8
